"testing.Id","testing.results"
"ID_df5c427bc","4"
"ID_40cdef3e1","4"
"ID_e7a832349","4"
"ID_a3a309e95","4"
"ID_02f170a44","4"
"ID_8e99487fd","4"
"ID_17b31e21e","2"
"ID_f38ee6865","4"
"ID_e5d1b4214","4"
"ID_ea8c0699c","2"
"ID_eaa6cc79a","4"
"ID_12bac22e0","4"
"ID_78f401238","4"
"ID_387f24ed0","4"
"ID_0c579fe77","4"
"ID_6772a5cc6","4"
"ID_77a07cd1e","4"
"ID_55da1860d","4"
"ID_0005f1903","4"
"ID_2a9a6402b","2"
"ID_57b4a1dfa","4"
"ID_bbdcc4570","2"
"ID_e7cd87c9a","1"
"ID_2a79c612e","4"
"ID_68437ae85","4"
"ID_a4a123514","4"
"ID_30e89e9ca","4"
"ID_0406c2534","4"
"ID_95185d790","4"
"ID_3b870609a","4"
"ID_9db89986c","2"
"ID_a2f9453da","4"
"ID_da08f811e","4"
"ID_3edaf1b14","4"
"ID_359a2b60a","4"
"ID_a23e21328","4"
"ID_d0bbc7a70","4"
"ID_746755c6a","4"
"ID_991085f2b","4"
"ID_13722caf5","4"
"ID_c1043af07","4"
"ID_35246153b","4"
"ID_fa115f216","4"
"ID_1aef97e9c","4"
"ID_2fb8efc09","1"
"ID_94df2abb2","4"
"ID_2f8a0dd51","4"
"ID_09275002e","4"
"ID_11a9b7ec6","4"
"ID_461e59991","4"
"ID_f3c2834c2","4"
"ID_972d49095","4"
"ID_41a3d557e","1"
"ID_fc01085ca","2"
"ID_17458379a","4"
"ID_14b64e825","4"
"ID_bfdbdfd95","4"
"ID_f03f4ceb9","2"
"ID_42f063253","4"
"ID_e4d918a0d","4"
"ID_d7e12bc99","4"
"ID_37a9e4139","2"
"ID_2b2ec2a27","4"
"ID_7390a3f99","4"
"ID_b00eafd98","4"
"ID_f64aa8743","4"
"ID_c5de47a9e","4"
"ID_eecec233b","4"
"ID_590a1ed36","4"
"ID_2f6a4e1c9","4"
"ID_c275d3582","4"
"ID_539248977","4"
"ID_7628f39af","4"
"ID_738c6feb5","4"
"ID_237c1e97e","2"
"ID_dc58f7993","4"
"ID_0b295e274","4"
"ID_ea6e116b5","4"
"ID_7892473a2","4"
"ID_fa6f8995a","3"
"ID_48bad74d9","4"
"ID_aae02ac40","4"
"ID_26d82c0e2","4"
"ID_202e503ed","4"
"ID_2623017dd","4"
"ID_767d834a8","4"
"ID_f9f170d8e","4"
"ID_b38571caf","4"
"ID_3e3e9489e","4"
"ID_696074b4e","4"
"ID_978611f7a","4"
"ID_dd9161889","4"
"ID_f5f05c5d4","4"
"ID_71f2f6d91","4"
"ID_20c4f005f","4"
"ID_62dbb0ff9","4"
"ID_81524fae8","4"
"ID_b335a7438","4"
"ID_1e6041756","4"
"ID_cd5e658a7","4"
"ID_56af66fb4","4"
"ID_7765d5db2","1"
"ID_7594290f9","4"
"ID_fb2c7c7ba","4"
"ID_8895aa50d","4"
"ID_8a7a884af","4"
"ID_939a7b529","4"
"ID_7a263af2d","4"
"ID_c51461817","4"
"ID_30bd44c5b","4"
"ID_ae11e2bca","4"
"ID_cf2426ea5","4"
"ID_0af4ea930","4"
"ID_0c9d9c97f","2"
"ID_28f739e39","4"
"ID_814ac6e34","4"
"ID_4c7fb9099","4"
"ID_ed245e3e9","4"
"ID_bc1a3e7b2","4"
"ID_bf119766e","4"
"ID_b374a8031","2"
"ID_01fab5922","4"
"ID_85b5e5721","4"
"ID_009ba9a39","4"
"ID_9350e2188","4"
"ID_64aff97b6","4"
"ID_36466971e","2"
"ID_73a3a737d","4"
"ID_bd339ab12","4"
"ID_e89f889b8","4"
"ID_0252aa468","4"
"ID_c152e039d","4"
"ID_19c15b64c","4"
"ID_b27d36d64","4"
"ID_40fef853c","2"
"ID_2b7b99604","4"
"ID_a4c13b027","4"
"ID_b323750af","4"
"ID_22f5a16e4","4"
"ID_48c99cd4f","4"
"ID_c207a9d0f","4"
"ID_b226171dc","4"
"ID_79e84408d","2"
"ID_70e10ad49","3"
"ID_0c31ddd3a","4"
"ID_44031e6d2","2"
"ID_ef1873945","4"
"ID_5cb2ab0bb","4"
"ID_b19dd0f2a","4"
"ID_29fa619df","3"
"ID_b119a2fee","4"
"ID_8113f0d15","4"
"ID_c415fa4f1","4"
"ID_b4752f963","1"
